state,state_,city,relation_id_state,relation_id_city,url
Alberta,AB,Calgary,,,
Alberta,AB,Edmonton,,,
Alberta,AB,Red Deer,,,
Alberta,AB,Lethbridge,,,
Alberta,AB,Wood Buffalo,,,
Alberta,AB,St. Albert,,,
Alberta,AB,Medicine Hat,,,
Alberta,AB,Grande Prairie,,,
Alberta,AB,Airdrie,,,
Alberta,AB,Spruce Grove,,,
Alberta,AB,Leduc,,,
Alberta,AB,Okotoks,,,
Alberta,AB,Cochrane,,,
Alberta,AB,Fort Saskatchewan,,,
Alberta,AB,Chestermere,,,
Alberta,AB,Lloydminster,,,
Alberta,AB,Camrose,,,
Alberta,AB,Beaumont,,,
Alberta,AB,Stony Plain,,,
Alberta,AB,Cold Lake,,,
Alberta,AB,Sylvan Lake,,,
Alberta,AB,Brooks,,,
Alberta,AB,Canmore,,,
Alberta,AB,Strathmore,,,
Alberta,AB,High River,,,
Alberta,AB,Lacombe,,,
Alberta,AB,Wetaskiwin,,,
Alberta,AB,Hinton,,,
Alberta,AB,Morinville,,,
Alberta,AB,Blackfalds,,,
Alberta,AB,Olds,,,
Alberta,AB,Taber,,,
Alberta,AB,Edson,,,
Alberta,AB,Coaldale,,,
Alberta,AB,Drumheller,,,
Alberta,AB,Banff,,,
Alberta,AB,Innisfail,,,
Alberta,AB,Drayton Valley,,,
Alberta,AB,Ponoka,,,
Alberta,AB,Peace River,,,
Alberta,AB,Slave Lake,,,
Alberta,AB,Rocky Mountain House,,,
Alberta,AB,Devon,,,
Alberta,AB,Wainwright,,,
Alberta,AB,Bonnyville,,,
Alberta,AB,Stettler,,,
Alberta,AB,St. Paul,,,
Alberta,AB,Vegreville,,,
Alberta,AB,Redcliff,,,
Alberta,AB,Crowsnest Pass,,,
Alberta,AB,Didsbury,,,
Alberta,AB,Westlock,,,
Alberta,AB,Jasper,,,
Alberta,AB,Barrhead,,,
Alberta,AB,Vermilion,,,
Alberta,AB,Carstairs,,,
Alberta,AB,Claresholm,,,
Alberta,AB,Raymond,,,
Alberta,AB,Pincher Creek,,,
Alberta,AB,Cardston,,,
Alberta,AB,Grande Cache,,,
Alberta,AB,Penhold,,,
Alberta,AB,Three Hills,,,
Alberta,AB,High Level,,,
Alberta,AB,Gibbons,,,
Alberta,AB,Crossfield,,,
Alberta,AB,Fort Macleod,,,
Alberta,AB,Athabasca,,,
Alberta,AB,Sundre,,,
Alberta,AB,Grimshaw,,,
Alberta,AB,Black Diamond,,,
Alberta,AB,Coalhurst,,,
Alberta,AB,Sexsmith,,,
Alberta,AB,Rimbey,,,
Alberta,AB,High Prairie,,,
Alberta,AB,Turner Valley,,,
Alberta,AB,Hanna,,,
Alberta,AB,Beaverlodge,,,
Alberta,AB,Magrath,,,
Alberta,AB,Calmar,,,
Alberta,AB,Nanton,,,
Alberta,AB,Tofield,,,
Alberta,AB,Redwater,,,
Alberta,AB,Provost,,,
Alberta,AB,Bow Island,,,
Alberta,AB,Fox Creek,,,
Alberta,AB,Millet,,,
Alberta,AB,Vulcan,,,
Alberta,AB,Valleyview,,,
Alberta,AB,Picture Butte,,,
Alberta,AB,Lamont,,,
Alberta,AB,Bon Accord,,,
Alberta,AB,Wembley,,,
Alberta,AB,Springbrook,,,
Alberta,AB,Elk Point,,,
Alberta,AB,Wabasca,,,
Alberta,AB,Two Hills,,,
Alberta,AB,Legal,,,
Alberta,AB,Mayerthorpe,,,
Alberta,AB,Bruderheim,,,
Alberta,AB,Swan Hills,,,
Alberta,AB,Nobleford,,,
Alberta,AB,Bowden,,,
Alberta,AB,Vauxhall,,,
Alberta,AB,Irricana,,,
Alberta,AB,Bassano,,,
Alberta,AB,Manning,,,
Alberta,AB,Eckville,,,
Alberta,AB,Duchess,,,
Alberta,AB,Viking,,,
Alberta,AB,Whitecourt,,,
Alberta,AB,Bentley,,,
Alberta,AB,Trochu,,,
Alberta,AB,Falher,,,
Alberta,AB,Onoway,,,
Alberta,AB,Alberta Beach,,,
Alberta,AB,Oyen,,,
British Columbia,BC,Vancouver,,,
British Columbia,BC,Surrey,,,
British Columbia,BC,Caledon,,,
British Columbia,BC,Burnaby,,,
British Columbia,BC,Richmond,,,
British Columbia,BC,Kelowna,,,
British Columbia,BC,Abbotsford,,,
British Columbia,BC,Coquitlam,,,
British Columbia,BC,Langley,,,
British Columbia,BC,Saanich,,,
British Columbia,BC,Delta,,,
British Columbia,BC,Kamloops,,,
British Columbia,BC,Nanaimo,,,
British Columbia,BC,North Vancouver,,,
British Columbia,BC,Chilliwack,,,
British Columbia,BC,White Rock,,,
British Columbia,BC,Maple Ridge,,,
British Columbia,BC,Prince George,,,
British Columbia,BC,New Westminster,,,
British Columbia,BC,Port Coquitlam,,,
British Columbia,BC,Vernon,,,
British Columbia,BC,Duncan,,,
British Columbia,BC,West Vancouver,,,
British Columbia,BC,Mission,,,
British Columbia,BC,Langford Station,,,
British Columbia,BC,Campbell River,,,
British Columbia,BC,Penticton,,,
British Columbia,BC,Port Moody,,,
British Columbia,BC,Kelowna,,,
British Columbia,BC,North Cowichan,,,
British Columbia,BC,Courtenay,,,
British Columbia,BC,Fort St. John,,,
British Columbia,BC,Squamish,,,
British Columbia,BC,Cranbrook,,,
British Columbia,BC,Pitt Meadows,,,
British Columbia,BC,Oak Bay,,,
British Columbia,BC,Salmon Arm,,,
British Columbia,BC,Port Alberni,,,
British Columbia,BC,Esquimalt,,,
British Columbia,BC,Colwood,,,
British Columbia,BC,Central Saanich,,,
British Columbia,BC,Terrace,,,
British Columbia,BC,Comox,,,
British Columbia,BC,Powell River,,,
British Columbia,BC,Sooke,,,
British Columbia,BC,Dawson Creek,,,
British Columbia,BC,Lake Country,,,
British Columbia,BC,Parksville,,,
British Columbia,BC,Prince Rupert,,,
British Columbia,BC,Whistler,,,
British Columbia,BC,Sidney,,,
British Columbia,BC,Summerland,,,
British Columbia,BC,North Saanich,,,
British Columbia,BC,Williams Lake,,,
British Columbia,BC,Nelson,,,
British Columbia,BC,View Royal,,,
British Columbia,BC,Coldstream,,,
British Columbia,BC,Sechelt,,,
British Columbia,BC,Quesnel,,,
British Columbia,BC,Qualicum Beach,,,
British Columbia,BC,Ladysmith,,,
British Columbia,BC,Kitimat,,,
British Columbia,BC,Castlegar,,,
British Columbia,BC,Trail,,,
British Columbia,BC,Kimberley,,,
British Columbia,BC,Merritt,,,
British Columbia,BC,Hope,,,
British Columbia,BC,Kent,,,
British Columbia,BC,Peachland,,,
British Columbia,BC,Northern Rockies Regional Municipality,,,
British Columbia,BC,Creston,,,
British Columbia,BC,Smithers,,,
British Columbia,BC,Fernie,,,
British Columbia,BC,Spallumcheen,,,
British Columbia,BC,Osoyoos,,,
British Columbia,BC,Oliver,,,
British Columbia,BC,Armstrong,,,
British Columbia,BC,Metchosin,,,
British Columbia,BC,Gibsons,,,
British Columbia,BC,Vanderhoof,,,
British Columbia,BC,Grand Forks,,,
British Columbia,BC,Port Hardy,,,
British Columbia,BC,Sparwood,,,
British Columbia,BC,Cumberland,,,
British Columbia,BC,Rossland,,,
British Columbia,BC,Mackenzie,,,
British Columbia,BC,Golden,,,
British Columbia,BC,Bowen Island,,,
British Columbia,BC,Fruitvale,,,
British Columbia,BC,Westbank,,,
British Columbia,BC,Lumby,,,
British Columbia,BC,Invermere,,,
British Columbia,BC,Lake Cowichan,,,
British Columbia,BC,Ellison,,,
British Columbia,BC,Houston,,,
British Columbia,BC,Enderby,,,
British Columbia,BC,Cedar,,,
British Columbia,BC,Princeton,,,
British Columbia,BC,Errington,,,
British Columbia,BC,Chetwynd,,,
British Columbia,BC,Pemberton,,,
British Columbia,BC,Elkford,,,
British Columbia,BC,Sicamous,,,
British Columbia,BC,Clearwater,,,
British Columbia,BC,Lillooet,,,
British Columbia,BC,Chase,,,
British Columbia,BC,Highlands,,,
British Columbia,BC,Anmore,,,
British Columbia,BC,Cowichan Bay,,,
British Columbia,BC,Logan Lake,,,
British Columbia,BC,Saltair,,,
British Columbia,BC,Port McNeill,,,
British Columbia,BC,Tumbler Ridge,,,
British Columbia,BC,100 Mile House,,,
British Columbia,BC,Tofino,,,
British Columbia,BC,Nisga'a,,,
British Columbia,BC,Burns Lake,,,
British Columbia,BC,Warfield,,,
British Columbia,BC,Ucluelet,,,
British Columbia,BC,Barri??re,,,
British Columbia,BC,Naramata,,,
British Columbia,BC,Royston,,,
British Columbia,BC,Coombs,,,
British Columbia,BC,Nakusp,,,
British Columbia,BC,Regional District of Central Okanagan,,,
British Columbia,BC,Fort St. James,,,
British Columbia,BC,Ashcroft,,,
British Columbia,BC,Hilliers,,,
British Columbia,BC,Keremeos,,,
British Columbia,BC,Gold River,,,
British Columbia,BC,"Grindrod, British Columbia",,,
British Columbia,BC,Harrison Hot Springs,,,
British Columbia,BC,"Popkum, British Columbia",,,
British Columbia,BC,Taylor,,,
British Columbia,BC,Lions Bay,,,
British Columbia,BC,Dunsmuir,,,
British Columbia,BC,Telkwa,,,
British Columbia,BC,"Sorrento, British Columbia",,,
British Columbia,BC,Kaleden,,,
British Columbia,BC,Salmo,,,
British Columbia,BC,Windermere,,,
British Columbia,BC,Youbou,,,
British Columbia,BC,Ootischenia,,,
British Columbia,BC,Valemount,,,
British Columbia,BC,Hudson's Hope,,,
Manitoba,MB,Winnipeg,,,
Manitoba,MB,Brandon,,,
Manitoba,MB,Steinbach,,,
Manitoba,MB,Rural Municipality of Hanover,,,
Manitoba,MB,Springfield,,,
Manitoba,MB,Thompson,,,
Manitoba,MB,Portage la Prairie,,,
Manitoba,MB,Winkler,,,
Manitoba,MB,Rural Municipality of St. Andrews,,,
Manitoba,MB,Tach??,,,
Manitoba,MB,Rural Municipality of St. Clements,,,
Manitoba,MB,Selkirk,,,
Manitoba,MB,East St. Paul,,,
Manitoba,MB,Rural Municipality of Stanley,,,
Manitoba,MB,Morden,,,
Manitoba,MB,Dauphin,,,
Manitoba,MB,Rural Municipality of Rockwood,,,
Manitoba,MB,Macdonald,,,
Manitoba,MB,Rural Municipality of Ritchot,,,
Manitoba,MB,"Gimli, Manitoba",,,
Manitoba,MB,La Broquerie,,,
Manitoba,MB,The Pas,,,
Manitoba,MB,West St. Paul,,,
Manitoba,MB,Rural Municipality of Brokenhead,,,
Manitoba,MB,Ste. Anne,,,
Manitoba,MB,Flin Flon,,,
Manitoba,MB,Stonewall,,,
Manitoba,MB,Neepawa,,,
Manitoba,MB,Rural Municipality of Cornwallis,,,
Manitoba,MB,Altona,,,
Manitoba,MB,Niverville,,,
Manitoba,MB,Swan River,,,
Manitoba,MB,Rural Municipality of De Salaberry,,,
Manitoba,MB,Rural Municipality of Headingley,,,
Manitoba,MB,Municipality of Killarney-Turtle Mountain,,,
Manitoba,MB,Woodlands,,,
Manitoba,MB,Municipality of Bifrost ?C Riverton,,,
Manitoba,MB,Rural Municipality of Cartier,,,
Manitoba,MB,Rural Municipality of Alexander,,,
Manitoba,MB,Hillsburg-Roblin-Shell River,,,
Manitoba,MB,Lorette,,,
Manitoba,MB,WestLake-Gladstone,,,
Manitoba,MB,Beaus??jour,,,
Manitoba,MB,Lac du Bonnet,,,
Manitoba,MB,Virden,,,
Manitoba,MB,Morris,,,
Manitoba,MB,Carman,,,
Manitoba,MB,North Cypress-Langford,,,
Manitoba,MB,Minnedosa,,,
Manitoba,MB,Rural Municipality of Dufferin,,,
Manitoba,MB,Kelsey,,,
Manitoba,MB,Boissevain,,,
Manitoba,MB,"Mitchell, Manitoba",,,
Manitoba,MB,West Interlake,,,
Manitoba,MB,Prairie View,,,
Manitoba,MB,McCreary,,,
Manitoba,MB,Municipality of Deloraine ?C Winchester,,,
Manitoba,MB,Municipality of Oakland ?C Wawanesa,,,
Manitoba,MB,Municipality of Brenda ?C Waskada,,,
Manitoba,MB,Municipality of Russell ?C Binscarth,,,
Manitoba,MB,Ellice-Archie,,,
Manitoba,MB,Municipality of Souris ?C Glenwood,,,
Manitoba,MB,Riverdale Municipality,,,
Manitoba,MB,Municipality of Pembina,,,
Manitoba,MB,Wallace-Woodworth,,,
Manitoba,MB,Municipality of Lorne,,,
Manitoba,MB,Ethelbert,,,
Manitoba,MB,Rural Municipality of Yellowhead,,,
Manitoba,MB,Municipality of Swan Valley West,,,
Manitoba,MB,Rural Municipality of Grey,,,
Manitoba,MB,Gilbert Plains,,,
Manitoba,MB,Municipality of Norfolk Treherne,,,
Manitoba,MB,Hamiota,,,
Manitoba,MB,Municipality of Emerson ?C Franklin,,,
Manitoba,MB,"Sifton, Manitoba",,,
Manitoba,MB,Rossburn,,,
Manitoba,MB,Grandview,,,
Manitoba,MB,"Grassland, Texas",,,
Manitoba,MB,Municipality of Louise,,,
Manitoba,MB,Sainte Rose du Lac,,,
Manitoba,MB,Cartwright ?C Roblin Municipality,,,
Manitoba,MB,Mossey River,,,
Manitoba,MB,Lakeshore,,,
Manitoba,MB,Riding Mountain West,,,
Manitoba,MB,Municipality of Clanwilliam ?C Erickson,,,
Manitoba,MB,Municipality of Glenboro ?C South Cypress,,,
Manitoba,MB,Rural Municipality of North Norfolk,,,
Manitoba,MB,Reinland,,,
Manitoba,MB,Municipality of Minitonas ?C Bowsman,,,
Manitoba,MB,Armstrong,,,
Manitoba,MB,"Piney, Manitoba",,,
Manitoba,MB,Carberry,,,
Manitoba,MB,Rural Municipality of Fisher,,,
Manitoba,MB,Grunthal,,,
Manitoba,MB,Blumenort,,,
Manitoba,MB,Rosedale,,,
Manitoba,MB,Whitehead,,,
Manitoba,MB,Stuartburn,,,
Manitoba,MB,Oakview,,,
Manitoba,MB,Shandon,,,
Manitoba,MB,Victoria,,,
Manitoba,MB,Pinawa,,,
Manitoba,MB,"Pipestone, Manitoba",,,
Manitoba,MB,Prairie Lakes,,,
Manitoba,MB,St. Fran?ois Xavier,,,
Manitoba,MB,Wasagamack,,,
Manitoba,MB,Rural Municipality of Rosser,,,
Manitoba,MB,Rural Municipality of Grahamdale,,,
Manitoba,MB,Reynolds,,,
Manitoba,MB,St. Laurent,,,
Manitoba,MB,Powerview-Pine Falls,,,
Manitoba,MB,Landmark,,,
Manitoba,MB,Rural Municipality of Elton,,,
Manitoba,MB,Gillam,,,
Manitoba,MB,Montcalm,,,
Manitoba,MB,Coldwell,,,
Manitoba,MB,Alonsa,,,
Manitoba,MB,Arborg,,,
Manitoba,MB,Teulon,,,
Manitoba,MB,Minto-Odanah,,,
Manitoba,MB,Glenella-Lansdowne,,,
Manitoba,MB,Scottish Borders,,,
Manitoba,MB,St-Pierre-Jolys,,,
Manitoba,MB,Winnipeg Beach,,,
Manitoba,MB,Roland,,,
Manitoba,MB,Melita,,,
Manitoba,MB,Argyle,,,
New Brunswick,NB,Moncton,,,
New Brunswick,NB,Dieppe,,,
New Brunswick,NB,Saint John,,,
New Brunswick,NB,Fredericton,,,
New Brunswick,NB,Riverview,,,
New Brunswick,NB,Quispamsis,,,
New Brunswick,NB,Bathurst,,,
New Brunswick,NB,Miramichi,,,
New Brunswick,NB,Edmundston,,,
New Brunswick,NB,Tracadie-Sheila,,,
New Brunswick,NB,Rothesay,,,
New Brunswick,NB,Campbellton,,,
New Brunswick,NB,Oromocto,,,
New Brunswick,NB,Shediac,,,
New Brunswick,NB,Beaubassin East,,,
New Brunswick,NB,Beresford,,,
New Brunswick,NB,"Douglas, New Brunswick",,,
New Brunswick,NB,Sackville,,,
New Brunswick,NB,Grand Falls,,,
New Brunswick,NB,Woodstock,,,
New Brunswick,NB,Burton,,,
New Brunswick,NB,Grand Bay-Westfield,,,
New Brunswick,NB,Saint Marys Parish,,,
New Brunswick,NB,Shippagan,,,
New Brunswick,NB,Memramcook,,,
New Brunswick,NB,Hanwell,,,
New Brunswick,NB,Coverdale Parish,,,
New Brunswick,NB,St. Stephen,,,
New Brunswick,NB,Hampton,,,
New Brunswick,NB,Sussex,,,
New Brunswick,NB,Caraquet,,,
New Brunswick,NB,New Maryland,,,
New Brunswick,NB,Dundas Parish,,,
New Brunswick,NB,"Simonds Parish, Saint John County, New Brunswick",,,
New Brunswick,NB,Alnwick,,,
New Brunswick,NB,Atholville,,,
New Brunswick,NB,Studholm Parish,,,
New Brunswick,NB,Salisbury,,,
New Brunswick,NB,"Bright Parish, New Brunswick",,,
New Brunswick,NB,Dalhousie,,,
New Brunswick,NB,Wellington,,,
New Brunswick,NB,Kingston,,,
New Brunswick,NB,Kingsclear,,,
New Brunswick,NB,Wakefield,,,
New Brunswick,NB,"Cocagne, New Brunswick",,,
New Brunswick,NB,Shippagan,,,
New Brunswick,NB,Lincoln,,,
New Brunswick,NB,Cap-Pele,,,
New Brunswick,NB,Bouctouche,,,
New Brunswick,NB,Grand Manan Parish,,,
New Brunswick,NB,St. George,,,
New Brunswick,NB,Paquetville,,,
New Brunswick,NB,Minto,,,
New Brunswick,NB,Northesk,,,
New Brunswick,NB,Upper Miramichi,,,
New Brunswick,NB,Hardwicke,,,
New Brunswick,NB,Saint-Quentin,,,
New Brunswick,NB,Pennfield Ridge,,,
New Brunswick,NB,Kent,,,
New Brunswick,NB,Allardville Parish,,,
New Brunswick,NB,Saint-Charles,,,
New Brunswick,NB,Kedgwick,,,
New Brunswick,NB,Saint Mary Parish,,,
New Brunswick,NB,Westfield Beach,,,
New Brunswick,NB,Eel River Crossing,,,
New Brunswick,NB,Petit-Rocher,,,
New Brunswick,NB,Richibucto,,,
New Brunswick,NB,Maugerville,,,
New Brunswick,NB,Saint-Louis-de-Kent,,,
New Brunswick,NB,St Andrews,,,
New Brunswick,NB,Manners Sutton Parish,,,
New Brunswick,NB,Brighton,,,
New Brunswick,NB,Saint-Antoine,,,
New Brunswick,NB,Northampton,,,
New Brunswick,NB,Wicklow,,,
New Brunswick,NB,Southesk Parish,,,
New Brunswick,NB,Neguac,,,
New Brunswick,NB,Balmoral,,,
New Brunswick,NB,Florenceville-Bristol,,,
New Brunswick,NB,Saint-Jacques,,,
New Brunswick,NB,Perth-Andover,,,
New Brunswick,NB,Glenelg Parish,,,
New Brunswick,NB,Belledune,,,
New Brunswick,NB,"Saint-Joseph, New Brunswick",,,
New Brunswick,NB,Saint David Parish,,,
New Brunswick,NB,Springfield,,,
New Brunswick,NB,St. George,,,
New Brunswick,NB,Gordon Parish,,,
New Brunswick,NB,Southampton,,,
New Brunswick,NB,Nauwigewauk,,,
New Brunswick,NB,Denmark,,,
New Brunswick,NB,Sussex Corner,,,
New Brunswick,NB,Petitcodiac,,,
New Brunswick,NB,Norton,,,
New Brunswick,NB,Bas-Caraquet,,,
New Brunswick,NB,Cardwell Parish,,,
New Brunswick,NB,Weldford Parish,,,
New Brunswick,NB,Charlo,,,
New Brunswick,NB,Hillsborough,,,
New Brunswick,NB,Richmond Parish,,,
New Brunswick,NB,Saint-L?,,,
New Brunswick,NB,Lam C?t,,,
New Brunswick,NB,"Upham Parish, New Brunswick",,,
New Brunswick,NB,Salmon Beach,,,
New Brunswick,NB,Peel,,,
New Brunswick,NB,Musquash,,,
New Brunswick,NB,Saint James Parish,,,
New Brunswick,NB,Queensbury Parish,,,
New Brunswick,NB,Rogersville,,,
New Brunswick,NB,McAdam,,,
New Brunswick,NB,Bertrand,,,
New Brunswick,NB,Newcastle,,,
New Brunswick,NB,St. Martins,,,
New Brunswick,NB,Saint-Andr??,,,
New Brunswick,NB,Chipman,,,
New Brunswick,NB,Dorchester,,,
New Brunswick,NB,Durham,,,
New Brunswick,NB,Havelock,,,
New Brunswick,NB,"Botsford Parish, New Brunswick",,,
New Brunswick,NB,"Greenwich Hill, New Brunswick",,,
New Brunswick,NB,Noonan,,,
New Brunswick,NB,Plaster Rock,,,
New Brunswick,NB,Wilmot,,,
Newfoundland and Labrador,NL,St. John's,,,
Newfoundland and Labrador,NL,Conception Bay South,,,
Newfoundland and Labrador,NL,Mount Pearl Park,,,
Newfoundland and Labrador,NL,Paradise,,,
Newfoundland and Labrador,NL,Corner Brook,,,
Newfoundland and Labrador,NL,Grand Falls-Windsor,,,
Newfoundland and Labrador,NL,Gander,,,
Newfoundland and Labrador,NL,Portugal Cove-St. Philip's,,,
Newfoundland and Labrador,NL,Happy Valley-Goose Bay,,,
Newfoundland and Labrador,NL,Torbay,,,
Newfoundland and Labrador,NL,Labrador City,,,
Newfoundland and Labrador,NL,Stephenville,,,
Newfoundland and Labrador,NL,Clarenville,,,
Newfoundland and Labrador,NL,Bay Roberts,,,
Newfoundland and Labrador,NL,Marystown,,,
Newfoundland and Labrador,NL,Deer Lake,,,
Newfoundland and Labrador,NL,Carbonear,,,
Newfoundland and Labrador,NL,Goulds,,,
Newfoundland and Labrador,NL,Channel-Port aux Basques,,,
Newfoundland and Labrador,NL,Pasadena,,,
Newfoundland and Labrador,NL,Placentia,,,
Newfoundland and Labrador,NL,Bonavista,,,
Newfoundland and Labrador,NL,Lewisporte,,,
Newfoundland and Labrador,NL,Bishop's Falls,,,
Newfoundland and Labrador,NL,Harbour Grace,,,
Newfoundland and Labrador,NL,Springdale,,,
Newfoundland and Labrador,NL,Botwood,,,
Newfoundland and Labrador,NL,Spaniard's Bay,,,
Newfoundland and Labrador,NL,Holyrood,,,
Newfoundland and Labrador,NL,Burin,,,
Newfoundland and Labrador,NL,Grand Bank,,,
Newfoundland and Labrador,NL,St. Anthony,,,
Newfoundland and Labrador,NL,Fogo Island,,,
Newfoundland and Labrador,NL,Logy Bay-Middle Cove-Outer Cove,,,
Newfoundland and Labrador,NL,Twillingate,,,
Newfoundland and Labrador,NL,New-Wes-Valley,,,
Newfoundland and Labrador,NL,Wabana,,,
Newfoundland and Labrador,NL,Glovertown,,,
Newfoundland and Labrador,NL,Pouch Cove,,,
Newfoundland and Labrador,NL,Kippens,,,
Newfoundland and Labrador,NL,Gambo,,,
Newfoundland and Labrador,NL,Wabush,,,
Newfoundland and Labrador,NL,Trinity Bay North,,,
Newfoundland and Labrador,NL,Victoria,,,
Newfoundland and Labrador,NL,Stephenville Crossing,,,
Newfoundland and Labrador,NL,Flat Rock,,,
Newfoundland and Labrador,NL,Harbour Breton,,,
Newfoundland and Labrador,NL,Massey Drive,,,
Newfoundland and Labrador,NL,Witless Bay,,,
Newfoundland and Labrador,NL,Humbermouth,,,
Newfoundland and Labrador,NL,Upper Island Cove,,,
Newfoundland and Labrador,NL,Clarke's Beach,,,
Newfoundland and Labrador,NL,Bay Bulls,,,
Newfoundland and Labrador,NL,Irishtown-Summerside,,,
Newfoundland and Labrador,NL,Fortune,,,
Newfoundland and Labrador,NL,Baie Verte,,,
Newfoundland and Labrador,NL,Burgeo,,,
Newfoundland and Labrador,NL,Dildo,,,
Newfoundland and Labrador,NL,St. George's,,,
Newfoundland and Labrador,NL,St. Lawrence,,,
Newfoundland and Labrador,NL,St. Alban's,,,
Newfoundland and Labrador,NL,Centreville-Wareham-Trinity,,,
Newfoundland and Labrador,NL,Nain,,,
Newfoundland and Labrador,NL,Harbour Main-Chapel's Cove-Lakeview,,,
Northwest Territories,NT,Yellowknife,,,
Northwest Territories,NT,Hay River,,,
Northwest Territories,NT,Inuvik,,,
Northwest Territories,NT,Fort Smith,,,
Northwest Territories,NT,Behchoko,,,
Northwest Territories,NT,Fort Simpson,,,
Nova Scotia,NS,Halifax,,,
Nova Scotia,NS,Cape Breton Regional Municipality,,,
Nova Scotia,NS,New Glasgow,,,
Nova Scotia,NS,Inverness,,,
Nova Scotia,NS,Truro,,,
Nova Scotia,NS,Kentville,,,
Nova Scotia,NS,Chester,,,
Nova Scotia,NS,Queens,,,
Nova Scotia,NS,Amherst,,,
Nova Scotia,NS,Bridgewater,,,
Nova Scotia,NS,"Pointe-de-l'?glise, Nova Scotia",,,
Nova Scotia,NS,Argyle,,,
Nova Scotia,NS,Barrington,,,
Nova Scotia,NS,Yarmouth,,,
Nova Scotia,NS,Antigonish,,,
Nova Scotia,NS,Stellarton,,,
Nova Scotia,NS,Wolfville,,,
Nova Scotia,NS,Windsor,,,
Nova Scotia,NS,Westville,,,
Nova Scotia,NS,Port Hawkesbury,,,
Nova Scotia,NS,Pictou,,,
Nova Scotia,NS,Berwick,,,
Nova Scotia,NS,Trenton,,,
Nova Scotia,NS,Lunenburg,,,
Nova Scotia,NS,Lantz,,,
Nova Scotia,NS,Digby,,,
Nova Scotia,NS,Middleton,,,
Nova Scotia,NS,Shelburne,,,
Nova Scotia,NS,Stewiacke,,,
Nova Scotia,NS,"Falmouth, Nova Scotia",,,
Nova Scotia,NS,Parrsboro,,,
Nova Scotia,NS,Oxford,,,
Nova Scotia,NS,Centreville,,,
Nova Scotia,NS,Wedgeport,,,
Nova Scotia,NS,Mahone Bay,,,
Nunavut,NU,Iqaluit,,,
Nunavut,NU,Rankin Inlet,,,
Nunavut,NU,Arviat,,,
Nunavut,NU,Baker Lake,,,
Nunavut,NU,Cambridge Bay,,,
Nunavut,NU,Igloolik,,,
Nunavut,NU,Pond Inlet,,,
Nunavut,NU,Kugluktuk,,,
Nunavut,NU,Pangnirtung,,,
Nunavut,NU,Cape Dorset,,,
Nunavut,NU,Gjoa Haven,,,
Nunavut,NU,Repulse Bay,,,
Nunavut,NU,"Clyde River, Nunavut",,,
Nunavut,NU,Taloyoak,,,
Ontario,ON,Toronto,,,
Ontario,ON,Ottawa,,,
Ontario,ON,Mississauga,,,
Ontario,ON,Hamilton,,,
Ontario,ON,Brampton,,,
Ontario,ON,Kitchener,,,
Ontario,ON,London,,,
Ontario,ON,Markham,,,
Ontario,ON,St. Catharines,,,
Ontario,ON,Niagara Falls,,,
Ontario,ON,Vaughan,,,
Ontario,ON,Windsor,,,
Ontario,ON,Richmond Hill,,,
Ontario,ON,Oakville,,,
Ontario,ON,Burlington,,,
Ontario,ON,Barrie,,,
Ontario,ON,Oshawa,,,
Ontario,ON,Guelph,,,
Ontario,ON,Cambridge,,,
Ontario,ON,Whitby,,,
Ontario,ON,Ajax,,,
Ontario,ON,Milton,,,
Ontario,ON,Thunder Bay,,,
Ontario,ON,Waterloo,,,
Ontario,ON,Chatham-Kent,,,
Ontario,ON,Brantford,,,
Ontario,ON,Clarington,,,
Ontario,ON,Pickering,,,
Ontario,ON,Greater Sudbury,,,
Ontario,ON,Newmarket,,,
Ontario,ON,Peterborough,,,
Ontario,ON,Kawartha Lakes,,,
Ontario,ON,Sault Ste. Marie,,,
Ontario,ON,Sarnia,,,
Ontario,ON,Caledon,,,
Ontario,ON,St. Thomas,,,
Ontario,ON,Halton Hills,,,
Ontario,ON,Aurora,,,
Ontario,ON,Welland,,,
Ontario,ON,North Bay,,,
Ontario,ON,Belleville,,,
Ontario,ON,Cornwall,,,
Ontario,ON,Stouffville,,,
Ontario,ON,Georgina,,,
Ontario,ON,Quinte West,,,
Ontario,ON,Timmins,,,
Ontario,ON,New Tecumseth,,,
Ontario,ON,Woodstock,,,
Ontario,ON,Brant,,,
Ontario,ON,Lakeshore,,,
Ontario,ON,Innisfil,,,
Ontario,ON,Bradford West Gwillimbury,,,
Ontario,ON,Leamington,,,
Ontario,ON,Owen Sound,,,
Ontario,ON,Stratford,,,
Ontario,ON,Orillia,,,
Ontario,ON,Orangeville,,,
Ontario,ON,Fort Erie,,,
Ontario,ON,LaSalle,,,
Ontario,ON,Centre Wellington,,,
Ontario,ON,Grimsby,,,
Ontario,ON,Woolwich,,,
Ontario,ON,Clarence-Rockland,,,
Ontario,ON,East Gwillimbury,,,
Ontario,ON,Lincoln,,,
Ontario,ON,Tecumseh,,,
Ontario,ON,Amherstburg,,,
Ontario,ON,Brockville,,,
Ontario,ON,Collingwood,,,
Ontario,ON,Scugog,,,
Ontario,ON,Kingsville,,,
Ontario,ON,Uxbridge,,,
Ontario,ON,Essa,,,
Ontario,ON,Oro-Medonte,,,
Ontario,ON,Strathroy-Caradoc,,,
Ontario,ON,Wasaga Beach,,,
Ontario,ON,Wilmot,,,
Ontario,ON,Essex,,,
Ontario,ON,Huntsville,,,
Ontario,ON,Cobourg,,,
Ontario,ON,Springwater,,,
Ontario,ON,Thorold,,,
Ontario,ON,South Frontenac,,,
Ontario,ON,Port Colborne,,,
Ontario,ON,Niagara-on-the-Lake,,,
Ontario,ON,Middlesex Centre,,,
Ontario,ON,Petawawa,,,
Ontario,ON,Pelham,,,
Ontario,ON,Selwyn,,,
Ontario,ON,Loyalist,,,
Ontario,ON,Midland,,,
Ontario,ON,Port Hope,,,
Ontario,ON,"Russell, Ontario",,,
Ontario,ON,North Grenville,,,
Ontario,ON,Bracebridge,,,
Ontario,ON,Greater Napanee,,,
Ontario,ON,Tillsonburg,,,
Ontario,ON,Kenora,,,
Ontario,ON,West Lincoln,,,
Ontario,ON,West Nipissing,,,
Ontario,ON,Clearview,,,
Ontario,ON,St. Clair,,,
Ontario,ON,Pembroke,,,
Ontario,ON,Saugeen Shores,,,
Ontario,ON,Severn,,,
Ontario,ON,Thames Centre,,,
Ontario,ON,Mississippi Mills,,,
Ontario,ON,South Glengarry,,,
Ontario,ON,North Perth,,,
Ontario,ON,South Stormont,,,
Ontario,ON,Trent Hills,,,
Ontario,ON,Guelph/Eramosa,,,
Ontario,ON,The Nation,,,
Ontario,ON,Ingersoll,,,
Ontario,ON,Central Elgin,,,
Ontario,ON,West Grey,,,
Ontario,ON,Gravenhurst,,,
Ontario,ON,Perth East,,,
Ontario,ON,Wellington North,,,
Ontario,ON,Carleton Place,,,
Ontario,ON,Brighton,,,
Ontario,ON,Tiny,,,
Ontario,ON,Brock,,,
Ontario,ON,Erin,,,
Ontario,ON,Kincardine,,,
Ontario,ON,Winchester,,,
Ontario,ON,Wellesley,,,
Ontario,ON,Norwich,,,
Ontario,ON,Meaford,,,
Ontario,ON,Adjala-Tosorontio,,,
Ontario,ON,Hamilton,,,
Ontario,ON,South Dundas,,,
Ontario,ON,Elliot Lake,,,
Ontario,ON,Lambton Shores,,,
Ontario,ON,"Mapleton, Ontario",,,
Ontario,ON,Georgian Bluffs,,,
Ontario,ON,Hawkesbury,,,
Ontario,ON,North Dumfries,,,
Ontario,ON,Rideau Lakes,,,
Ontario,ON,North Glengarry,,,
Ontario,ON,South Huron,,,
Ontario,ON,Tay,,,
Ontario,ON,Temiskaming Shores,,,
Ontario,ON,Elizabethtown-Kitley,,,
Ontario,ON,Grey Highlands,,,
Ontario,ON,Alfred and Plantagenet,,,
Ontario,ON,Ramara,,,
Ontario,ON,Leeds and the Thousand Islands,,,
Ontario,ON,Brockton,,,
Ontario,ON,Laurentian Valley,,,
Ontario,ON,Malahide,,,
Ontario,ON,Huron East,,,
Ontario,ON,Penetanguishene,,,
Ontario,ON,"West Perth, Ontario",,,
Ontario,ON,Cavan Monaghan,,,
Ontario,ON,Arnprior,,,
Ontario,ON,Smiths Falls,,,
Ontario,ON,Champlain,,,
Ontario,ON,Minto,,,
Ontario,ON,Mono,,,
Ontario,ON,South Bruce Peninsula,,,
Ontario,ON,Kapuskasing,,,
Ontario,ON,Renfrew,,,
Ontario,ON,Zorra,,,
Ontario,ON,Shelburne,,,
Ontario,ON,Kirkland Lake,,,
Ontario,ON,Drummond/North Elmsley,,,
Ontario,ON,Dryden,,,
Ontario,ON,Fort Frances,,,
Ontario,ON,Stone Mills,,,
Ontario,ON,Hanover,,,
Ontario,ON,South-West Oxford,,,
Ontario,ON,Beckwith,,,
Ontario,ON,Goderich,,,
Ontario,ON,Plympton-Wyoming,,,
Ontario,ON,Central Huron,,,
Ontario,ON,Aylmer,,,
Ontario,ON,Blandford-Blenheim,,,
Ontario,ON,Bayham,,,
Ontario,ON,Augusta,,,
Ontario,ON,Puslinch,,,
Ontario,ON,St. Marys,,,
Ontario,ON,Southgate,,,
Ontario,ON,McNab/Braeside,,,
Ontario,ON,Bluewater,,,
Ontario,ON,East Zorra-Tavistock,,,
Ontario,ON,Huron-Kinloss,,,
Ontario,ON,The Blue Mountains,,,
Ontario,ON,Whitewater Region,,,
Ontario,ON,Edwardsburgh/Cardinal,,,
Ontario,ON,North Stormont,,,
Ontario,ON,Alnwick/Haldimand,,,
Ontario,ON,Arran?CElderslie,,,
Ontario,ON,Douro-Dummer,,,
Ontario,ON,Otonabee?CSouth Monaghan,,,
Ontario,ON,Chatsworth,,,
Ontario,ON,Muskoka Falls,,,
Ontario,ON,Parry Sound,,,
Ontario,ON,Wainfleet,,,
Ontario,ON,Cramahe,,,
Ontario,ON,North Middlesex,,,
Ontario,ON,Dysart et al,,,
Ontario,ON,Minden Hills,,,
Ontario,ON,Tweed,,,
Ontario,ON,Perth,,,
Ontario,ON,Oliver Paipoonge,,,
Ontario,ON,Petrolia,,,
Ontario,ON,"Southwest Middlesex, Ontario",,,
Ontario,ON,Front of Yonge,,,
Ontario,ON,Tay Valley,,,
Ontario,ON,South Bruce,,,
Ontario,ON,Ashfield?CColborne?CWawanosh,,,
Ontario,ON,Trent Lakes,,,
Ontario,ON,Lanark Highlands,,,
Ontario,ON,Cochrane,,,
Ontario,ON,Sioux Lookout,,,
Ontario,ON,Gananoque,,,
Ontario,ON,Hearst,,,
Ontario,ON,Espanola,,,
Ontario,ON,"West Elgin, Ontario",,,
Ontario,ON,"North Huron, Ontario",,,
Ontario,ON,Stirling-Rawdon,,,
Ontario,ON,Centre Hastings,,,
Ontario,ON,East Ferris,,,
Ontario,ON,Lucan Biddulph,,,
Ontario,ON,Greenstone,,,
Ontario,ON,Iroquois Falls,,,
Ontario,ON,Havelock-Belmont-Methuen,,,
Ontario,ON,Southwold,,,
Ontario,ON,Central Frontenac,,,
Ontario,ON,"Seguin, Ontario",,,
Ontario,ON,Tyendinaga,,,
Ontario,ON,"Madawaska Valley, Ontario",,,
Ontario,ON,Deep River,,,
Ontario,ON,Asphodel-Norwood,,,
Ontario,ON,Red Lake,,,
Ontario,ON,Hastings Highlands,,,
Ontario,ON,Northern Bruce Peninsula,,,
Ontario,ON,Prescott,,,
Ontario,ON,Amaranth,,,
Ontario,ON,Marmora and Lake,,,
Ontario,ON,Bancroft,,,
Ontario,ON,Howick,,,
Ontario,ON,Dutton/Dunwich,,,
Ontario,ON,Callander,,,
Ontario,ON,Perth South,,,
Ontario,ON,Breslau,,,
Ontario,ON,Montague,,,
Ontario,ON,Warwick,,,
Ontario,ON,Bonnechere Valley,,,
Ontario,ON,Casselman,,,
Ontario,ON,Morris-Turnberry,,,
Ontario,ON,Mulmur,,,
Ontario,ON,Blind River,,,
Ontario,ON,Powassan,,,
Ontario,ON,Highlands East,,,
Ontario,ON,East Hawkesbury,,,
Ontario,ON,Marathon,,,
Ontario,ON,Sables-Spanish Rivers,,,
Ontario,ON,Lake of Bays,,,
Ontario,ON,Merrickville-Wolford,,,
Ontario,ON,Athens,,,
Ontario,ON,Melancthon,,,
Ontario,ON,Adelaide Metcalfe,,,
Ontario,ON,Laurentian Hills,,,
Ontario,ON,Grand Valley,,,
Ontario,ON,Admaston/Bromley,,,
Ontario,ON,North Algona Wilberforce,,,
Ontario,ON,Wawa,,,
Ontario,ON,Horton,,,
Ontario,ON,Shuniah,,,
Ontario,ON,Enniskillen,,,
Ontario,ON,Atikokan,,,
Ontario,ON,Northeastern Manitoulin and the Islands,,,
Ontario,ON,McDougall,,,
Ontario,ON,French River,,,
Ontario,ON,Markstay-Warren,,,
Ontario,ON,East Garafraxa,,,
Ontario,ON,Greater Madawaska,,,
Ontario,ON,Georgian Bay,,,
Ontario,ON,North Kawartha,,,
Ontario,ON,Perry,,,
Ontario,ON,Black River-Matheson,,,
Ontario,ON,Killaloe,,,
Ontario,ON,Brooke-Alvinston,,,
Ontario,ON,Algonquin Highlands,,,
Ontario,ON,Addington Highlands,,,
Ontario,ON,Central Manitoulin,,,
Ontario,ON,Madoc,,,
Ontario,ON,Neebing,,,
Ontario,ON,Point Edward,,,
Ontario,ON,Mattawa,,,
Ontario,ON,Bonfield,,,
Ontario,ON,Dawn-Euphemia,,,
Ontario,ON,Chapleau,,,
Ontario,ON,Manitouwadge,,,
Ontario,ON,Wellington,,,
Ontario,ON,North Frontenac,,,
Ontario,ON,Deseronto,,,
Ontario,ON,Frontenac Islands,,,
Ontario,ON,Middlesex Centre,,,
Ontario,ON,Nipissing,,,
Ontario,ON,Huron Shores,,,
Ontario,ON,Nipigon,,,
Ontario,ON,Burford,,,
Ontario,ON,Terrace Bay,,,
Ontario,ON,Macdonald,,,
Ontario,ON,Brudenell,,,
Ontario,ON,Moosonee,,,
Ontario,ON,Englehart,,,
Ontario,ON,Strong,,,
Ontario,ON,"Lappe, Ontario",,,
Ontario,ON,Armour,,,
Ontario,ON,Faraday,,,
Ontario,ON,Magnetawan,,,
Ontario,ON,Emo,,,
Ontario,ON,Smooth Rock Falls,,,
Ontario,ON,Chisholm,,,
Ontario,ON,Thessalon,,,
Ontario,ON,Conestogo,,,
Ontario,ON,St.-Charles,,,
Ontario,ON,St. Joseph,,,
Ontario,ON,Moonbeam,,,
Ontario,ON,Bayfield,,,
Ontario,ON,Ignace,,,
Ontario,ON,Claremont,,,
Ontario,ON,"Armstrong, Ontario",,,
Ontario,ON,Sagamok,,,
Ontario,ON,Tara,,,
Ontario,ON,"Carling, Ontario",,,
Ontario,ON,Erin,,,
Ontario,ON,Cobalt,,,
Ontario,ON,South River,,,
Ontario,ON,"McKellar, Ontario",,,
Ontario,ON,South Algonquin,,,
Ontario,ON,Sioux Narrows-Nestor Falls,,,
Ontario,ON,King,,,
Ontario,ON,Hensall,,,
Ontario,ON,Schreiber,,,
Ontario,ON,Whitewater Region,,,
Ontario,ON,"Laird, Ontario",,,
Ontario,ON,Alfred and Plantagenet,,,
Ontario,ON,Papineau-Cameron,,,
Ontario,ON,Assiginack,,,
Ontario,ON,Prince,,,
Prince Edward Island,PE,Charlottetown,,,
Prince Edward Island,PE,Summerside,,,
Prince Edward Island,PE,Stratford,,,
Prince Edward Island,PE,Cornwall,,,
Prince Edward Island,PE,Montague,,,
Prince Edward Island,PE,Kensington,,,
Prince Edward Island,PE,Miltonvale Park,,,
Prince Edward Island,PE,Alberton,,,
Prince Edward Island,PE,Souris,,,
Prince Edward Island,PE,Malpeque Bay,,,
Quebec,QC,Montreal,,,
Quebec,QC,Quebec City,,,
Quebec,QC,Laval,,,
Quebec,QC,Gatineau,,,
Quebec,QC,Longueuil,,,
Quebec,QC,Sherbrooke,,,
Quebec,QC,Saguenay,,,
Quebec,QC,L??vis,,,
Quebec,QC,Trois-Rivi??res,,,
Quebec,QC,Terrebonne,,,
Quebec,QC,Saint-Jean-sur-Richelieu,,,
Quebec,QC,Brossard,,,
Quebec,QC,Repentigny,,,
Quebec,QC,Switzerland,,,
Quebec,QC,Saint-J??r??me,,,
Quebec,QC,Drummondville,,,
Quebec,QC,Granby,,,
Quebec,QC,Saint-Hyacinthe,,,
Quebec,QC,Lac-Brome,,,
Quebec,QC,Blainville,,,
Quebec,QC,Beloeil,,,
Quebec,QC,Mirabel,,,
Quebec,QC,Shawinigan,,,
Quebec,QC,Dollard-Des Ormeaux,,,
Quebec,QC,Rimouski,,,
Quebec,QC,Victoriaville,,,
Quebec,QC,Saint-Eustache,,,
Quebec,QC,Mascouche,,,
Quebec,QC,Salaberry-de-Valleyfield,,,
Quebec,QC,Rouyn-Noranda,,,
Quebec,QC,Sorel-Tracy,,,
Quebec,QC,Boucherville,,,
Quebec,QC,Vaudreuil-Dorion,,,
Quebec,QC,C?te Saint-Luc,,,
Quebec,QC,Cortina d'Ampezzo,,,
Quebec,QC,Pointe-Claire,,,
Quebec,QC,Alma,,,
Quebec,QC,Sainte-Julie,,,
Quebec,QC,Chambly,,,
Quebec,QC,Sept-??les,,,
Quebec,QC,Saint-Constant,,,
Quebec,QC,Boisbriand,,,
Quebec,QC,Saint-Bruno-de-Montarville,,,
Quebec,QC,Sainte-Th??r??se,,,
Quebec,QC,Thetford Mines,,,
Quebec,QC,Magog,,,
Quebec,QC,La Prairie,,,
Quebec,QC,Saint-Lambert,,,
Quebec,QC,Baie-Comeau,,,
Quebec,QC,Candiac,,,
Quebec,QC,Varennes,,,
Quebec,QC,Kirkland,,,
Quebec,QC,L?€?Assomption,,,
Quebec,QC,Westmount,,,
Quebec,QC,Saint-Lazare,,,
Quebec,QC,Joliette,,,
Quebec,QC,Mount Royal,,,
Quebec,QC,Rivi??re-du-Loup,,,
Quebec,QC,Beaconsfield,,,
Quebec,QC,Dorval,,,
Quebec,QC,Mont-Saint-Hilaire,,,
Quebec,QC,Saint-Augustin-de-Desmaures,,,
Quebec,QC,Sainte-Marthe-sur-le-Lac,,,
Quebec,QC,Deux-Montagnes,,,
Quebec,QC,Saint-Lin--Laurentides,,,
Quebec,QC,Sainte-Catherine,,,
Quebec,QC,L?€?Ancienne-Lorette,,,
Quebec,QC,Saint-Basile-le-Grand,,,
Quebec,QC,Gasp??,,,
Quebec,QC,Pincourt,,,
Quebec,QC,Matane,,,
Quebec,QC,Sainte-Anne-des-Plaines,,,
Quebec,QC,Rosem??re,,,
Quebec,QC,Dolbeau-Mistassini,,,
Quebec,QC,Mont-Laurier,,,
Quebec,QC,Lavaltrie,,,
Quebec,QC,Sainte-Sophie,,,
Quebec,QC,Saint-Charles-de-Bellechasse,,,
Quebec,QC,Mercier,,,
Quebec,QC,Saint-Colomban,,,
Quebec,QC,"Sainte-Marie, Quebec",,,
Quebec,QC,Amos,,,
Quebec,QC,Lachute,,,
Quebec,QC,Cowansville,,,
Quebec,QC,B??cancour,,,
Quebec,QC,Puerto Rico,,,
Quebec,QC,Sainte-Ad??le,,,
Quebec,QC,Beauharnois,,,
Quebec,QC,Les,,,
Quebec,QC,Val-des-Monts,,,
Quebec,QC,Montmagny,,,
Quebec,QC,La Tuque,,,
Quebec,QC,Saint-Amable,,,
Quebec,QC,L?€???le-Perrot,,,
Quebec,QC,Notre-Dame-de-l'?le-Perrot,,,
Quebec,QC,Cantley,,,
Quebec,QC,Rawdon,,,
Quebec,QC,Saint-F??licien,,,
Quebec,QC,Roberval,,,
Quebec,QC,Sainte-Agathe-des-Monts,,,
Quebec,QC,Marieville,,,
Quebec,QC,Saint-Sauveur,,,
Quebec,QC,Mont-Tremblant,,,
Quebec,QC,Saint-Raymond,,,
Quebec,QC,Bois-des-Filion,,,
Quebec,QC,Carignan,,,
Quebec,QC,Lorraine,,,
Quebec,QC,Sainte-Julienne,,,
Quebec,QC,Notre-Dame-des-Prairies,,,
Quebec,QC,Pont-Rouge,,,
Quebec,QC,Coaticook,,,
Quebec,QC,Otterburn Park,,,
Quebec,QC,Farnham,,,
Quebec,QC,La Malbaie,,,
Quebec,QC,Saint-Hippolyte,,,
Quebec,QC,La P??che,,,
Quebec,QC,Nicolet,,,
Quebec,QC,La Sarre,,,
Quebec,QC,Chandler,,,
Quebec,QC,Acton Vale,,,
Quebec,QC,Bromont,,,
Quebec,QC,Rigaud,,,
Quebec,QC,Louiseville,,,
Quebec,QC,Chibougamau,,,
Quebec,QC,Delson,,,
Quebec,QC,"Beauport, Quebec City",,,
Quebec,QC,Saint-R??mi,,,
Quebec,QC,Donnacona,,,
Quebec,QC,Hampstead,,,
Quebec,QC,Baie-Saint-Paul,,,
Quebec,QC,Brownsburg,,,
Quebec,QC,Stoneham-et-Tewkesbury,,,
Quebec,QC,Asbestos,,,
Quebec,QC,Coteau-du-Lac,,,
Quebec,QC,Sainte-Anne-des-Monts,,,
Quebec,QC,Chelsea,,,
Quebec,QC,Saint-Zotique,,,
Quebec,QC,Val-Shefford,,,
Quebec,QC,Plessisville,,,
Quebec,QC,Port-Cartier,,,
Quebec,QC,Saint-Lambert-de-Lauzon,,,
Quebec,QC,Boischatel,,,
Quebec,QC,Pointe-Calumet,,,
Quebec,QC,Beauceville,,,
Quebec,QC,Amqui,,,
Quebec,QC,Sainte-Catherine-de-la-Jacques-Cartier,,,
Quebec,QC,Mont-Joli,,,
Quebec,QC,Contrecoeur,,,
Quebec,QC,Saint-Joseph-du-Lac,,,
Quebec,QC,Saint-Apollinaire,,,
Quebec,QC,Les C??dres,,,
Quebec,QC,Saint-F??lix-de-Valois,,,
Quebec,QC,Saint-Calixte,,,
Quebec,QC,Lac-M??gantic,,,
Quebec,QC,Charlemagne,,,
Quebec,QC,Pontiac,,,
Quebec,QC,Sainte-Brigitte-de-Laval,,,
Quebec,QC,Princeville,,,
Quebec,QC,Verch??res,,,
Quebec,QC,Saint-C??saire,,,
Quebec,QC,McMasterville,,,
Quebec,QC,Saint-Philippe,,,
Quebec,QC,Richelieu,,,
Quebec,QC,Notre-Dame-du-Mont-Carmel,,,
Quebec,QC,L'Ange-Gardien,,,
Quebec,QC,Sainte-Martine,,,
Quebec,QC,Saint-Pie,,,
Quebec,QC,Cookshire-Eaton,,,
Quebec,QC,Windsor,,,
Quebec,QC,L?€?Epiphanie,,,
Quebec,QC,Saint-Honor??,,,
Quebec,QC,Val-David,,,
Quebec,QC,Hudson,,,
Quebec,QC,Saint-Paul,,,
Quebec,QC,T??miscouata-sur-le-Lac,,,
Quebec,QC,Shannon,,,
Quebec,QC,Montreal West,,,
Quebec,QC,Saint-Henri,,,
Quebec,QC,Sainte-Anne-de-Bellevue,,,
Quebec,QC,"Saint-Roch-de-l'Achigan, Quebec",,,
Quebec,QC,Chisasibi,,,
Quebec,QC,Chertsey,,,
Quebec,QC,Lanoraie,,,
Quebec,QC,Warwick,,,
Quebec,QC,Saint-Joseph-de-Beauce,,,
Quebec,QC,Rivi??re-Rouge,,,
Quebec,QC,Saint-Mathias-sur-Richelieu,,,
Quebec,QC,Les Coteaux,,,
Quebec,QC,Saint-Germain-de-Grantham,,,
Quebec,QC,Saint-Boniface-de-Shawinigan,,,
Quebec,QC,Waterloo,,,
Quebec,QC,Neuville,,,
Quebec,QC,Saint-Cyrille-de-Wendover,,,
Quebec,QC,Mont-Orford,,,
Quebec,QC,Saint-Jean-de-Matha,,,
Quebec,QC,La Pocati??re,,,
Quebec,QC,Le Saint,,,
Quebec,QC,Saint-Donat,,,
Quebec,QC,Ch?teau-Richer,,,
Quebec,QC,M??tabetchouan-Lac-??-la-Croix,,,
Quebec,QC,Berthierville,,,
Quebec,QC,Danville,,,
Quebec,QC,Lac-Etchemin,,,
Quebec,QC,Saint-Antonin,,,
Quebec,QC,Saint-Jacques,,,
Quebec,QC,Sutton,,,
Quebec,QC,L?€?Islet-sur-Mer,,,
Quebec,QC,Carleton-sur-Mer,,,
Quebec,QC,Oka,,,
Quebec,QC,Maniwaki,,,
Quebec,QC,Morin-Heights,,,
Quebec,QC,Napierville,,,
Quebec,QC,Crabtree,,,
Quebec,QC,Saint-Tite,,,
Quebec,QC,Baie-d?€?Urf??,,,
Quebec,QC,New Richmond,,,
Quebec,QC,Roxton Pond,,,
Quebec,QC,"Beaupr??, Quebec",,,
Quebec,QC,"Saint-Andr??-Avellin, Quebec",,,
Quebec,QC,Saint-Ambroise-de-Kildare,,,
Quebec,QC,East Angus,,,
Quebec,QC,Saint-Adolphe-d'Howard,,,
Quebec,QC,Saint-Prosper,,,
Quebec,QC,Ormstown,,,
Quebec,QC,Saint-Agapit,,,
Quebec,QC,"Saint-Ambroise, Quebec",,,
Quebec,QC,Mistissini,,,
Quebec,QC,Saint-Faustin--Lac-Carr??,,,
Quebec,QC,Saint-Pascal,,,
Quebec,QC,Dunham,,,
Quebec,QC,Havre-Saint-Pierre,,,
Quebec,QC,Saint-Anselme,,,
Quebec,QC,Trois-Pistoles,,,
Quebec,QC,Grande-Rivi??re,,,
Quebec,QC,Malartic,,,
Quebec,QC,Saint-Denis-de-Brompton,,,
Quebec,QC,Sainte-Anne-des-Lacs,,,
Quebec,QC,Sainte-Claire,,,
Quebec,QC,Perc??,,,
Quebec,QC,"Saint-Jean-Port-Joli, Quebec",,,
Quebec,QC,"Saint-Andr??-Avellin, Quebec",,,
Quebec,QC,Saint-C??me--Lini??re,,,
Quebec,QC,Saint-Sulpice,,,
Quebec,QC,Forestville,,,
Quebec,QC,Richmond,,,
Quebec,QC,Pasp??biac,,,
Quebec,QC,Saint-Thomas,,,
Quebec,QC,Saint-Jean-Baptiste,,,
Quebec,QC,Portneuf,,,
Quebec,QC,Normandin,,,
Quebec,QC,Saint-Alphonse-Rodriguez,,,
Quebec,QC,Saint-Alphonse-de-Granby,,,
Quebec,QC,"Clermont, Capitale-Nationale, Quebec",,,
Quebec,QC,Compton,,,
Quebec,QC,Mont-Saint-Gr??goire,,,
Quebec,QC,Saint-Liboire,,,
Quebec,QC,Eth,,,
Quebec,QC,Saint-Alexis-des-Monts,,,
Quebec,QC,Cap-Saint-Ignace,,,
Quebec,QC,Saint-Anaclet-de-Lessard,,,
Quebec,QC,Cap-Sant??,,,
Quebec,QC,Saint-Ferr??ol-les-Neiges,,,
Quebec,QC,Senneterre,,,
Quebec,QC,Sainte-Marie-Madeleine,,,
Quebec,QC,Saint-Gabriel-de-Valcartier,,,
Quebec,QC,Saint-Christophe-d'Arthabaska,,,
Quebec,QC,Sainte-M??lanie,,,
Quebec,QC,Ascot Corner,,,
Quebec,QC,Saint-Michel,,,
Quebec,QC,Saint-Paul-d'Abbotsford,,,
Quebec,QC,Saint-Marc-des-Carri??res,,,
Quebec,QC,Stanstead,,,
Quebec,QC,Sainte-Anne-de-Beaupr??,,,
Quebec,QC,Sainte-Luce,,,
Quebec,QC,Saint-Gabriel,,,
Quebec,QC,Ferme-Neuve,,,
Quebec,QC,Thurso,,,
Quebec,QC,Adstock,,,
Quebec,QC,Yamachiche,,,
Quebec,QC,Saint-Maurice,,,
Quebec,QC,Bonaventure,,,
Quebec,QC,Val-Morin,,,
Quebec,QC,Poh??n??gamook,,,
Quebec,QC,Stoke,,,
Quebec,QC,Sainte-Marguerite-du-Lac-Masson,,,
Quebec,QC,Saint-Prime,,,
Quebec,QC,Kuujjuaq,,,
Quebec,QC,Grenville-sur-la-Rouge,,,
Quebec,QC,Sainte-Anne-de-Sorel,,,
Quebec,QC,Macamic,,,
Quebec,QC,Rougemont,,,
Quebec,QC,Piedmont,,,
Quebec,QC,Lac-des-?corces,,,
Quebec,QC,Saint-Pamphile,,,
Quebec,QC,Bedford,,,
Quebec,QC,Weedon,,,
Quebec,QC,Lacolle,,,
Quebec,QC,Saint-Gabriel-de-Brandon,,,
Quebec,QC,Saint-David-de-Falardeau,,,
Quebec,QC,Saint-Bruno,,,
Quebec,QC,Laurier-Station,,,
Quebec,QC,Saint-Anicet,,,
Quebec,QC,Saint-Mathieu-de-Beloeil,,,
Quebec,QC,Cap-Chat,,,
Quebec,QC,"Notre-Dame-de-Lourdes, Lanaudi??re, Quebec",,,
Quebec,QC,Ville-Marie,,,
Quebec,QC,"Saint-Isidore, Mont??r??gie, Quebec",,,
Quebec,QC,Maria,,,
Quebec,QC,Saint-Chrysostome,,,
Quebec,QC,Saint-Damase,,,
Quebec,QC,Disraeli,,,
Quebec,QC,Sainte-Victoire-de-Sorel,,,
Quebec,QC,Saint-Alexandre,,,
Quebec,QC,H??rbertville,,,
Quebec,QC,Sainte-Th??cle,,,
Quebec,QC,Fermont,,,
Quebec,QC,Wickham,,,
Quebec,QC,La Pr??sentation,,,
Quebec,QC,Sainte-Catherine-de-Hatley,,,
Quebec,QC,Saint-Basile,,,
Quebec,QC,Saint-Rapha??l,,,
Quebec,QC,Gracefield,,,
Quebec,QC,Saint-Martin,,,
Quebec,QC,Causapscal,,,
Quebec,QC,Brigham,,,
Quebec,QC,Port-Daniel--Gascons,,,
Quebec,QC,Labelle,,,
Quebec,QC,Huntingdon,,,
Quebec,QC,H??bertville,,,
Quebec,QC,Saint-Michel-des-Saints,,,
Quebec,QC,Saint-Victor,,,
Quebec,QC,Saint-?phrem-de-Beauce,,,
Quebec,QC,T??miscaming,,,
Quebec,QC,Sainte-Genevi??ve-de-Berthier,,,
Quebec,QC,Sainte-Madeleine,,,
Quebec,QC,Scott,,,
Quebec,QC,Sainte-Croix,,,
Quebec,QC,Valcourt,,,
Quebec,QC,Saint-Dominique,,,
Quebec,QC,L??ry,,,
Quebec,QC,Mansfield-et-Pontefract,,,
Quebec,QC,Saint-Denis,,,
Quebec,QC,Bouzon-Gellenave,,,
Quebec,QC,Saint-L??onard-d'Aston,,,
Quebec,QC,"Albanel, Quebec",,,
Quebec,QC,"Pessamit, Quebec",,,
Quebec,QC,Maskinong??,,,
Quebec,QC,Saint-Charles-de-Bellechasse,,,
Quebec,QC,East Broughton,,,
Quebec,QC,Saint-Polycarpe,,,
Quebec,QC,Deschambault-Grondines,,,
Quebec,QC,Saint-C??me,,,
Quebec,QC,Waskaganish,,,
Quebec,QC,Lebel-sur-Qu??villon,,,
Quebec,QC,"Pierreville, Quebec",,,
Quebec,QC,Saint-Gilles,,,
Quebec,QC,Wendake,,,
Quebec,QC,"Saint-Bernard, Quebec",,,
Quebec,QC,Sainte-C??cile-de-Milton,,,
Quebec,QC,"Saint-Roch-de-Richelieu, Quebec",,,
Quebec,QC,"Saint-Nazaire, Quebec",,,
Quebec,QC,Saint-Elz??ar,,,
Quebec,QC,Hichinbrooke,,,
Quebec,QC,Saint-Vran,,,
Quebec,QC,Papineauville,,,
Quebec,QC,Saint-Ignace-de-Loyola,,,
Quebec,QC,Upton,,,
Quebec,QC,Sainte-Anne-de-Sabrevois,,,
Quebec,QC,Sainte-Anne-de-la-P??rade,,,
Quebec,QC,Saint-Damien-de-Buckland,,,
Quebec,QC,Saint-Ferdinand,,,
Quebec,QC,Manawan,,,
Quebec,QC,Saint-Gervais,,,
Quebec,QC,Saint-Alexandre-de-Kamouraska,,,
Quebec,QC,Saint-Marc-sur-Richelieu,,,
Quebec,QC,Mandeville,,,
Quebec,QC,Caplan,,,
Quebec,QC,Waterville,,,
Quebec,QC,"Saint-Damien, Quebec",,,
Quebec,QC,Lac-Nominingue,,,
Quebec,QC,La Tuque,,,
Quebec,QC,Hatley,,,
Quebec,QC,Bouzon-Gellenave,,,
Quebec,QC,Kingsey Falls,,,
Quebec,QC,Terrasse-Vaudreuil,,,
Quebec,QC,L'Ascension-de-Notre-Seigneur,,,
Quebec,QC,Barraute,,,
Quebec,QC,Saint-Liguori,,,
Quebec,QC,Pointe-Lebel,,,
Quebec,QC,Saint-Patrice-de-Sherrington,,,
Quebec,QC,"Saint-Esprit, Quebec",,,
Quebec,QC,Mashteuiatsh,,,
Quebec,QC,Saint-Fran?ois-du-Lac,,,
Quebec,QC,"Saint-Fulgence, Quebec",,,
Quebec,QC,Vall??e-Jonction,,,
Quebec,QC,Cacouna,,,
Quebec,QC,Saint-Fabien,,,
Quebec,QC,Lac-Sup??rieur,,,
Quebec,QC,Les Escoumins,,,
Quebec,QC,Rivi??re-Beaudette,,,
Quebec,QC,Saint Barth??lemy,,,
Quebec,QC,Austin,,,
Quebec,QC,Saint-Mathieu,,,
Quebec,QC,"Saint-Paul-de-l'?le-aux-Noix, Quebec",,,
Quebec,QC,Saint-Joseph-de-Coleraine,,,
Quebec,QC,Saint-Cyprien-de-Napierville,,,
Quebec,QC,Sayabec,,,
Quebec,QC,Eth,,,
Quebec,QC,"Potton, Quebec",,,
Quebec,QC,Sainte-B??atrix,,,
Quebec,QC,Sainte-Justine,,,
Quebec,QC,"Eastman, Quebec",,,
Quebec,QC,Saint-Val??rien-de-Milton,,,
Quebec,QC,Saint-Cuthbert,,,
Quebec,QC,Saint-Blaise-sur-Richelieu,,,
Quebec,QC,Saint-Michel-de-Bellechasse,,,
Quebec,QC,"Sainte-Ang??le-de-Monnoir, Quebec",,,
Quebec,QC,Sacr??-Coeur-Saguenay,,,
Quebec,QC,Saint-Robert,,,
Quebec,QC,Saint-Pierre-de-l'??le-d'Orl??ans,,,
Quebec,QC,La Guadeloupe,,,
Quebec,QC,Puvirnituq,,,
Quebec,QC,Gore,,,
Quebec,QC,"Chambord, Quebec",,,
Quebec,QC,Dudswell,,,
Quebec,QC,Saint-Narcisse,,,
Quebec,QC,"Waswanipi, Quebec",,,
Quebec,QC,Inukjuak,,,
Quebec,QC,Saint-Zacharie,,,
Quebec,QC,Hemmingford,,,
Quebec,QC,Saint-Clet,,,
Quebec,QC,Saint-Ours,,,
Quebec,QC,Sainte-Anne-de-la-Pocati??re,,,
Quebec,QC,Saint-Placide,,,
Quebec,QC,Sainte-Clotilde,,,
Quebec,QC,Nouvelle,,,
Quebec,QC,Yamaska,,,
Quebec,QC,Saint-?lie-de-Caxton,,,
Quebec,QC,Price,,,
Quebec,QC,Saint-Jacques-le-Mineur,,,
Quebec,QC,Champlain,,,
Quebec,QC,Saint-Antoine-sur-Richelieu,,,
Quebec,QC,Sos,,,
Quebec,QC,Saint-Stanislas-de-Kostka,,,
Quebec,QC,Frontenac,,,
Quebec,QC,Yamaska,,,
Quebec,QC,Saintes,,,
Quebec,QC,Saint-Charles-sur-Richelieu,,,
Quebec,QC,Saint-Joseph-de-Sorel,,,
Quebec,QC,Saint-Ulric,,,
Quebec,QC,Sainte-H??l??ne-de-Bagot,,,
Quebec,QC,Franklin,,,
Quebec,QC,Mille-Isles,,,
Quebec,QC,Lyster,,,
Quebec,QC,Sainte-Clotilde-de-Horton,,,
Quebec,QC,Fossambault-sur-le-Lac,,,
Quebec,QC,Saint-Beno?t-Labre,,,
Quebec,QC,Chapais,,,
Quebec,QC,Saint-Honor??-de-Shenley,,,
Quebec,QC,Cleveland,,,
Quebec,QC,Messines,,,
Quebec,QC,Saint-Jean-de-Dieu,,,
Quebec,QC,Saint-Antoine-de-Tilly,,,
Quebec,QC,Saint-Vran,,,
Quebec,QC,Uashat,,,
Quebec,QC,Baie-James,,,
Quebec,QC,Shawville,,,
Quebec,QC,Saint-Lucien,,,
Quebec,QC,Lambton,,,
Quebec,QC,Saint-Laurent-de-Lin,,,
Quebec,QC,"Saint-Flavien, Quebec",,,
Quebec,QC,Grenville,,,
Quebec,QC,Chute-aux-Outardes,,,
Quebec,QC,Sainte-Marcelline-de-Kildare,,,
Quebec,QC,"Saint-F??lix-de-Kingsey, Quebec",,,
Quebec,QC,"Sainte-?lisabeth, Quebec",,,
Quebec,QC,Saint-Bernard-de-Lacolle,,,
Quebec,QC,Saint-Guillaume,,,
Quebec,QC,Venise-en-Qu??bec,,,
Quebec,QC,Maliotenam,,,
Quebec,QC,Ripon,,,
Quebec,QC,Saint-Paulin,,,
Quebec,QC,"Saint-Albert, Quebec",,,
Quebec,QC,Matagami,,,
Quebec,QC,Amherst,,,
Quebec,QC,Notre-Dame-du-Laus,,,
Quebec,QC,Saint-Tite-des-Caps,,,
Quebec,QC,Val-Joli,,,
Quebec,QC,Saint-Casimir,,,
Quebec,QC,Saint-Malachie,,,
Quebec,QC,Salluit,,,
Quebec,QC,Saint-Louis-de-Gonzague,,,
Quebec,QC,Saint-Urbain,,,
Quebec,QC,Tring-Jonction,,,
Quebec,QC,Pointe-??-la-Croix,,,
Quebec,QC,Saint-Joachim,,,
Quebec,QC,Saint-Th??odore-d'Acton,,,
Quebec,QC,L?€? ??sle-Verte,,,
Quebec,QC,Palmarolle,,,
Quebec,QC,Henryville,,,
Quebec,QC,"Saint-Odilon-de-Cranbourne, Quebec",,,
Quebec,QC,Laurierville,,,
Quebec,QC,La Dor??,,,
Quebec,QC,Lac-au-Saumon,,,
Quebec,QC,Wotton,,,
Quebec,QC,Wemindji,,,
Quebec,QC,Rivi??re-H??va,,,
Quebec,QC,Fort-Coulonge,,,
Quebec,QC,Godmanchester,,,
Quebec,QC,"Saint-Simon, Mont??r??gie, Quebec",,,
Quebec,QC,Tingwick,,,
Quebec,QC,Saint-Aubert,,,
Quebec,QC,Saint-Mathieu-du-Parc,,,
Quebec,QC,"Ragueneau, Quebec",,,
Quebec,QC,Notre-Dame-du-Bon-Conseil,,,
Quebec,QC,Saint-Ubalde,,,
Quebec,QC,Berthier-sur-Mer,,,
Quebec,QC,Frampton,,,
Quebec,QC,New Carlisle,,,
Quebec,QC,Wentworth-Nord,,,
Quebec,QC,Sainte-Ursule,,,
Quebec,QC,Nantes,,,
Quebec,QC,Lac-aux-Sables,,,
Quebec,QC,Vaudreuil-sur-le-Lac,,,
Quebec,QC,Rouyn-Noranda,,,
Quebec,QC,H??rouxville,,,
Quebec,QC,Pointe-des-Cascades,,,
Quebec,QC,L'Isle-aux-Allumettes,,,
Quebec,QC,Sainte-Brigide-d'Iberville,,,
Quebec,QC,Les,,,
Quebec,QC,Pointe-aux-Outardes,,,
Quebec,QC,Sainte-Barbe,,,
Quebec,QC,Saint-Louis-du-Ha! Ha!,,,
Quebec,QC,Le Saint,,,
Quebec,QC,Rivi??re-Bleue,,,
Quebec,QC,Noyan,,,
Quebec,QC,Saint-Hugues,,,
Quebec,QC,Sainte-Anne-du-Sault,,,
Quebec,QC,La Conception,,,
Quebec,QC,Saint-Val??re,,,
Quebec,QC,L'Isle-aux-Coudres,,,
Quebec,QC,Larouche,,,
Quebec,QC,Lorrainville,,,
Quebec,QC,Sainte-Lucie-des-Laurentides,,,
Quebec,QC,Saint-Alexis,,,
Quebec,QC,Roxton Falls,,,
Quebec,QC,Clarendon,,,
Quebec,QC,Saint-Ludger,,,
Quebec,QC,Saint-Ars??ne,,,
Quebec,QC,Racine,,,
Quebec,QC,Saint-Majorique-de-Grantham,,,
Quebec,QC,Saint-Z??non,,,
Quebec,QC,Saint-Armand,,,
Quebec,QC,Le Saint,,,
Quebec,QC,Listuguj,,,
Quebec,QC,Saint-Hubert-de-Rivi??re-du-Loup,,,
Quebec,QC,"Saint-Jude, Quebec",,,
Quebec,QC,La Minerve,,,
Quebec,QC,Notre-Dame-des-Pins,,,
Quebec,QC,"Saint-Alban, Quebec",,,
Quebec,QC,Saint-Pierre-les-Becquets,,,
Quebec,QC,Labrecque,,,
Quebec,QC,Wemotaci,,,
Quebec,QC,Sainte-H??n??dine,,,
Quebec,QC,L'Anse-Saint-Jean,,,
Quebec,QC,Akwesasne,,,
Quebec,QC,L?€?Avenir,,,
Quebec,QC,Notre-Dame-du-Portage,,,
Quebec,QC,Saint-Norbert-d'Arthabaska,,,
Quebec,QC,Saint-Hilarion,,,
Quebec,QC,Saint-Sim??on,,,
Quebec,QC,Saint-Barnab??,,,
Quebec,QC,Sainte-F??licit??,,,
Quebec,QC,Bury,,,
Quebec,QC,Lac-Bouchette,,,
Quebec,QC,Saint-Lazare-de-Bellechasse,,,
Quebec,QC,Saint-Michel-du-Squatec,,,
Quebec,QC,Saint-Joachim-de-Shefford,,,
Quebec,QC,Grand-Remous,,,
Quebec,QC,Saint-Gabriel-de-Rimouski,,,
Quebec,QC,Sainte-Marie-Salom??,,,
Quebec,QC,"Saint-Cyprien, Bas-Saint-Laurent, Quebec",,,
Quebec,QC,Tr??s-Saint-Sacrement,,,
Quebec,QC,Saints-Anges,,,
Quebec,QC,Saint-Urbain-Premier,,,
Quebec,QC,Sainte-Agathe-de-Lotbini??re,,,
Quebec,QC,Turkey,,,
Quebec,QC,Grande-Vall??e,,,
Quebec,QC,"Mont-Carmel, Quebec",,,
Quebec,QC,Saint-Eug??ne,,,
Quebec,QC,Notre-Dame-des-Neiges,,,
Quebec,QC,Saint-L??on-de-Standon,,,
Quebec,QC,Saint-Modeste,,,
Quebec,QC,Sainte-Sabine,,,
Quebec,QC,Saint-Maxime-du-Mont-Louis,,,
Quebec,QC,Blanc-Sablon,,,
Quebec,QC,Frelighsburg,,,
Quebec,QC,Ayer,,,
Quebec,QC,Les M??chins,,,
Quebec,QC,Sainte-Marguerite,,,
Quebec,QC,Saint-Claude,,,
Quebec,QC,Girardville,,,
Quebec,QC,Saint-Bruno-de-Guigues,,,
Quebec,QC,Saint-Narcisse-de-Beaurivage,,,
Quebec,QC,Saint-Ren??,,,
Quebec,QC,Sainte-Jeanne-d'Arc,,,
Quebec,QC,Plaisance,,,
Quebec,QC,Roxton-Sud,,,
Quebec,QC,Saint-Fr??d??ric,,,
Quebec,QC,Montr??al-Est,,,
Quebec,QC,Saint-Patrice-de-Beaurivage,,,
Quebec,QC,Sainte-Marthe,,,
Quebec,QC,Notre-Dame-du-Nord,,,
Quebec,QC,Saint-Aim??-des-Lacs,,,
Quebec,QC,Lac-Drolet,,,
Quebec,QC,Saint-Wenceslas,,,
Quebec,QC,Sainte-Genevi??ve-de-Batiscan,,,
Quebec,QC,Saint-Justin,,,
Quebec,QC,Saint-Norbert,,,
Quebec,QC,Rivi??re-Ouelle,,,
Quebec,QC,Stukely-Sud,,,
Quebec,QC,Saint-Georges-de-Clarenceville,,,
Quebec,QC,Sainte-Th??r??se-de-Gasp??,,,
Quebec,QC,Desbiens,,,
Quebec,QC,La Macaza,,,
Quebec,QC,Saint-Vallier,,,
Quebec,QC,Saint-Joseph-de-Coleraine,,,
Quebec,QC,Sainte-P??tronille,,,
Quebec,QC,Bristol,,,
Quebec,QC,Saint-Sylvestre,,,
Quebec,QC,Saint-Stanislas,,,
Quebec,QC,Longue-Rive,,,
Quebec,QC,Saint-L??onard-de-Portneuf,,,
Quebec,QC,Saint-Narcisse-de-Rimouski,,,
Quebec,QC,Saint-Bonaventure,,,
Quebec,QC,Brazil,,,
Quebec,QC,Baie-du-Febvre,,,
Quebec,QC,Durham-Sud,,,
Quebec,QC,Melbourne,,,
Saskatchewan,SK,Saskatoon,,,
Saskatchewan,SK,Regina,,,
Saskatchewan,SK,Prince Albert,,,
Saskatchewan,SK,Moose Jaw,,,
Saskatchewan,SK,Lloydminster,,,
Saskatchewan,SK,Swift Current,,,
Saskatchewan,SK,Yorkton,,,
Saskatchewan,SK,North Battleford,,,
Saskatchewan,SK,Estevan,,,
Saskatchewan,SK,Warman,,,
Saskatchewan,SK,Weyburn,,,
Saskatchewan,SK,Martensville,,,
Saskatchewan,SK,Rural Municipality of Corman Park No. 344,,,
Saskatchewan,SK,Melfort,,,
Saskatchewan,SK,Humboldt,,,
Saskatchewan,SK,La Ronge,,,
Saskatchewan,SK,Meadow Lake,,,
Saskatchewan,SK,Flin Flon,,,
Saskatchewan,SK,Kindersley,,,
Saskatchewan,SK,Melville,,,
Saskatchewan,SK,Rural Municipality of Edenwold No. 158,,,
Saskatchewan,SK,Nipawin,,,
Saskatchewan,SK,Battleford,,,
Saskatchewan,SK,Rural Municipality of Prince Albert No. 461,,,
Saskatchewan,SK,Rural Municipality of Buckland No. 491,,,
Saskatchewan,SK,Tisdale,,,
Saskatchewan,SK,White City,,,
Saskatchewan,SK,Rural Municipality of Vanscoy No. 345,,,
Saskatchewan,SK,La Loche,,,
Saskatchewan,SK,Pelican Narrows,,,
Saskatchewan,SK,Unity,,,
Saskatchewan,SK,Rural Municipality of Meadow Lake No. 588,,,
Saskatchewan,SK,Moosomin,,,
Saskatchewan,SK,Esterhazy,,,
Saskatchewan,SK,Rosetown,,,
Saskatchewan,SK,Dundurn No. 314,,,
Saskatchewan,SK,Assiniboia,,,
Saskatchewan,SK,Rosthern No. 403,,,
Saskatchewan,SK,Outlook,,,
Saskatchewan,SK,Canora,,,
Saskatchewan,SK,Pilot Butte,,,
Saskatchewan,SK,Biggar,,,
Saskatchewan,SK,Rural Municipality of Britannia No. 502,,,
Saskatchewan,SK,Maple Creek,,,
Saskatchewan,SK,Rama,,,
Saskatchewan,SK,Blucher,,,
Saskatchewan,SK,Lumsden No. 189,,,
Saskatchewan,SK,Rural Municipality of Swift Current No. 137,,,
Saskatchewan,SK,Fort Qu?€?Appelle,,,
Saskatchewan,SK,Indian Head,,,
Saskatchewan,SK,Watrous,,,
Saskatchewan,SK,Rural Municipality of Orkney No. 244,,,
Saskatchewan,SK,Dalmeny,,,
Saskatchewan,SK,Kamsack,,,
Saskatchewan,SK,Lumsden,,,
Saskatchewan,SK,Wynyard,,,
Saskatchewan,SK,Shaunavon,,,
Saskatchewan,SK,Rosthern,,,
Saskatchewan,SK,Rural Municipality of Wilton No. 472,,,
Saskatchewan,SK,Balgonie,,,
Saskatchewan,SK,Rural Municipality of Shellbrook No. 493,,,
Saskatchewan,SK,Hudson Bay,,,
Saskatchewan,SK,Carlyle,,,
Saskatchewan,SK,Langham,,,
Saskatchewan,SK,Frenchman Butte,,,
Saskatchewan,SK,Rural Municipality of Torch River No. 488,,,
Saskatchewan,SK,Shellbrook,,,
Saskatchewan,SK,Macklin,,,
Saskatchewan,SK,Creighton,,,
Saskatchewan,SK,Laird No. 404,,,
Saskatchewan,SK,Rural Municipality of Canwood No. 494,,,
Saskatchewan,SK,Rural Municipality of Estevan No. 5,,,
Saskatchewan,SK,Spiritwood No. 496,,,
Saskatchewan,SK,Oxbow,,,
Saskatchewan,SK,Wadena,,,
Saskatchewan,SK,Wilkie,,,
Saskatchewan,SK,?le-??-la-Crosse,,,
Saskatchewan,SK,Rural Municipality of South Qu'Appelle No. 157,,,
Saskatchewan,SK,Mervin No. 499,,,
Saskatchewan,SK,"Osler, Saskatchewan",,,
Saskatchewan,SK,Lanigan,,,
Saskatchewan,SK,Lajord No. 128,,,
Saskatchewan,SK,Beaver River,,,
Saskatchewan,SK,Langenburg,,,
Saskatchewan,SK,Moose Jaw No. 161,,,
Saskatchewan,SK,Maidstone,,,
Saskatchewan,SK,Battle River No. 438,,,
Saskatchewan,SK,Kipling,,,
Saskatchewan,SK,Carnduff,,,
Saskatchewan,SK,Foam Lake,,,
Saskatchewan,SK,Gravelbourg,,,
Saskatchewan,SK,Rural Municipality of Hudson Bay No. 394,,,
Saskatchewan,SK,Buffalo Narrows,,,
Saskatchewan,SK,Air Ronge,,,
Saskatchewan,SK,Grenfell,,,
Saskatchewan,SK,Rural Municipality of St. Louis No. 431,,,
Saskatchewan,SK,Regina Beach,,,
Saskatchewan,SK,Pinehouse,,,
Saskatchewan,SK,Preeceville,,,
Saskatchewan,SK,Rural Municipality of Maple Creek No. 111,,,
Saskatchewan,SK,Rural Municipality of Weyburn No. 67,,,
Saskatchewan,SK,Birch Hills,,,
Saskatchewan,SK,Kerrobert,,,
Saskatchewan,SK,Eston,,,
Saskatchewan,SK,Kindersley No. 290,,,
Saskatchewan,SK,Delisle,,,
Saskatchewan,SK,Waldheim,,,
Saskatchewan,SK,Davidson,,,
Saskatchewan,SK,Rural Municipality of Longlaketon No. 219,,,
Saskatchewan,SK,Nipawin No. 487,,,
Saskatchewan,SK,Duck Lake No. 463,,,
Yukon,YT,Whitehorse,,,
Yukon,YT,Dawson City,,,
